Site Names,,,,
Codes,English Names,Province Codes,Latitude,Longitude
s0000106,100 Mile House,BC,51.64N,121.29W
s0000758,Abbotsford,BC,49.06N,122.32W
s0000399,Agassiz,BC,49.23N,121.77W
s0000768,Airdrie,AB,51.28N,114.00W
s0000570,Aklavik,NT,68.22N,135.01W
s0000578,Akulivik,QC,60.81N,78.19W
s0000821,Alert,NU,82.50N,62.37W
s0000070,Alexandria,ON,45.31N,74.63W
s0000073,Algonquin Park (Brent),ON,45.49N,78.07W
s0000074,Algonquin Park (Lake of Two Rivers),ON,45.58N,78.48W
s0000489,Alliston,ON,44.15N,79.86W
s0000197,Alma,QC,48.55N,71.65W
s0000171,Altona,MB,49.10N,97.56W
s0000450,Amherst,NS,45.83N,64.21W
s0000718,Amos,QC,48.47N,78.14W
s0000406,Amqui,QC,48.46N,67.43W
s0000802,Annapolis Royal,NS,44.74N,65.51W
s0000462,Antigonish,NS,45.62N,61.99W
s0000304,Apsley,ON,44.76N,78.09W
s0000412,Arctic Bay,NU,73.04N,85.15W
s0000520,Armstrong,ON,50.62N,89.62W
s0000533,Arnes,MB,50.80N,97.00W
s0000511,Arviat,NU,61.11N,94.06W
s0000682,Val-des-Sources,QC,45.60N,71.96W
s0000209,Assiniboia,SK,49.63N,105.99W
s0000001,Athabasca,AB,54.72N,113.28W
s0000103,Atikokan,ON,48.76N,91.62W
s0000409,Atlin,BC,59.57N,133.70W
s0000024,Attawapiskat,ON,52.92N,82.43W
s0000586,Aupaluk,QC,59.30N,69.60W
s0000110,Baccaro Point,NS,43.47N,65.57W
s0000091,Bachelors Island,MB,51.65N,99.93W
s0000265,Baddeck,NS,46.10N,60.75W
s0000116,Badger,NL,48.98N,56.04W
s0000486,Bagotville,QC,48.33N,70.89W
s0000483,Baie-Comeau,QC,49.22N,68.15W
s0000580,Baie-James,QC,53.80N,77.61W
s0000342,Baie-Saint-Paul,QC,47.44N,70.51W
s0000487,Baker Lake,NU,64.32N,96.02W
s0000301,Bancroft,ON,45.06N,77.85W
s0000404,Banff,AB,51.18N,115.57W
s0000413,Barrhead,AB,54.12N,114.40W
s0000415,Barrie,ON,44.45N,79.73W
s0000302,Barry's Bay,ON,45.49N,77.68W
s0000386,Bas-Caraquet,NB,47.80N,64.83W
s0000806,Bathurst,NB,47.61N,65.65W
s0000018,Bay Roberts,NL,47.59N,53.27W
s0000185,Beauceville,QC,46.21N,70.78W
s0000044,Beauharnois,QC,45.31N,73.88W
s0000751,Beaver Creek,YT,62.38N,140.89W
s0000096,Beaver Island,NS,44.82N,62.56W
s0000092,Beaverlodge,AB,55.21N,119.42W
s0000347,Bécancour,QC,46.35N,72.43W
s0000834,Bella Bella,BC,52.16N,128.14W
s0000485,Bella Coola,BC,52.37N,126.76W
s0000703,Belleville,ON,44.17N,77.38W
s0000102,Berens River,MB,52.35N,97.02W
s0000205,Bernières,QC,46.69N,71.36W
s0000143,Berthierville,QC,46.08N,73.18W
s0000697,Big Trout Lake,ON,53.52N,88.60W
s0000343,Biggar,SK,52.06N,107.98W
s0000012,Bissett,MB,51.02N,95.68W
s0000603,Blainville,QC,45.68N,73.87W
s0000494,Blanc-Sablon,QC,51.43N,57.13W
s0000513,Blind River,ON,46.19N,82.96W
s0000101,Bloodvein,MB,51.79N,96.70W
s0000499,Blue River,BC,52.11N,119.31W
s0000604,Boisbriand,QC,45.61N,73.84W
s0000269,Bonaventure,QC,48.05N,65.49W
s0000041,Bonavista,NL,48.65N,53.12W
s0000033,Bouctouche,NB,46.47N,64.74W
s0000382,Bow Island,AB,49.87N,111.38W
s0000379,Bow Valley (Provincial Park),AB,51.08N,115.07W
s0000641,Bracebridge,ON,45.05N,79.31W
s0000658,Brampton,ON,43.69N,79.76W
s0000492,Brandon,MB,49.85N,99.95W
s0000550,Brantford,ON,43.15N,80.26W
s0000277,Breton,AB,53.11N,114.47W
s0000804,Bridgetown,NS,44.84N,65.29W
s0000441,Bridgewater,NS,44.38N,64.52W
s0000365,Brier Island,NS,44.36N,66.10W
s0000192,Broadview,SK,50.38N,102.58W
s0000778,Brochet,MB,57.89N,101.67W
s0000168,Brockville,ON,44.60N,75.69W
s0000093,Brooks,AB,50.57N,111.89W
s0000117,Buchans,NL,48.82N,56.86W
s0000723,Buffalo Narrows,SK,55.86N,108.48W
s0000032,Burgeo,NL,47.62N,57.62W
s0000637,Burk's Falls,ON,45.62N,79.40W
s0000368,Burlington,ON,43.37N,79.81W
s0000293,Burns Lake,BC,54.23N,125.76W
s0000506,Burwash Landing,YT,61.35N,138.99W
s0000569,Cache Creek,BC,50.81N,121.32W
s0000787,Caledon,ON,43.87N,79.86W
s0000047,Calgary,AB,51.05N,114.06W
s0000126,Calgary (Olympic Park),AB,51.09N,114.18W
s0000572,Cambridge,ON,43.59N,80.48W
s0000495,Cambridge Bay,NU,69.12N,105.05W
s0000488,Campbell River,BC,50.02N,125.24W
s0000668,Campbellton,NL,49.29N,54.94W
s0000807,Campbellton,NB,48.00N,66.67W
s0000311,Camrose,AB,53.02N,112.84W
s0000046,Candiac,QC,45.39N,73.52W
s0000403,Canmore,AB,51.09N,115.36W
s0000662,Canora,SK,51.63N,102.43W
s0000320,Cap Chat,QC,49.16N,66.38W
s0000463,Cape George,NS,45.86N,61.92W
s0000298,Cape Race,NL,46.66N,53.07W
s0000401,Carberry,MB,49.87N,99.36W
s0000760,Carcross,YT,60.17N,134.70W
s0000159,Cardston,AB,49.20N,113.31W
s0000090,Caribou,NS,45.73N,62.70W
s0000553,Carignan,QC,45.36N,73.48W
s0000811,Carleton-sur-Mer,QC,48.10N,66.12W
s0000515,Carlyle,SK,49.63N,102.27W
s0000421,Carmacks,YT,62.09N,136.28W
s0000257,Carman,MB,49.50N,98.00W
s0000100,Cartwright,NL,53.70N,56.99W
s0000859,Cartwright Junction (Trans-Labrador Hwy),NL,53.07N,57.51W
s0000228,Cassiar,BC,59.19N,129.23W
s0000497,Castlegar,BC,49.43N,117.53W
s0000554,Chambly,QC,45.45N,73.29W
s0000315,Chandler,QC,48.35N,64.68W
s0000400,Channel-Port aux Basques,NL,47.60N,58.88W
s0000588,Chapleau,ON,47.84N,83.40W
s0000194,Charlevoix,QC,47.43N,70.47W
s0000809,Charlo,NB,47.99N,66.31W
s0000583,Charlottetown,PE,46.24N,63.13W
s0000454,Chatham-Kent,ON,42.43N,82.13W
s0000615,Chelsea,QC,45.50N,75.80W
s0000501,Chesterfield,NU,63.35N,90.71W
s0000420,Chéticamp,NS,46.64N,60.97W
s0000500,Chetwynd,BC,55.69N,121.62W
s0000121,Chevery,QC,50.47N,59.61W
s0000598,Chibougamau,QC,49.91N,74.37W
s0000398,Chilliwack,BC,49.17N,121.94W
s0000502,Chipman,NB,46.18N,65.87W
s0000779,Churchill,MB,58.76N,94.13W
s0000832,Churchill Falls,NL,53.53N,64.01W
s0000466,Clarenville,NL,48.16N,53.97W
s0000120,Claresholm,AB,50.02N,113.58W
s0000002,Clearwater,BC,51.65N,120.03W
s0000107,Clinton,BC,51.09N,121.59W
s0000504,Clyde River,NU,70.47N,68.59W
s0000296,Coaticook,QC,45.13N,71.80W
s0000251,Cobourg,ON,43.96N,78.16W
s0000706,Cochrane,ON,48.48N,81.21W
s0000493,Cochrane,AB,51.19N,114.48W
s0000619,Cold Lake,AB,54.47N,110.19W
s0000108,Collingwood,ON,44.50N,80.22W
s0000369,Collins Bay,SK,58.10N,103.15W
s0000164,Colville Lake,NT,67.03N,126.12W
s0000656,Comox,BC,49.67N,124.93W
s0000144,Contrecoeur,QC,45.86N,73.24W
s0000846,Coquihalla Highway - Hope to Merritt,BC,49.63N,121.02W
s0000847,Coquihalla Highway - Merritt to Kamloops,BC,50.46N,120.59W
s0000798,Coral Harbour,NU,64.14N,83.17W
s0000221,Corner Brook,NL,48.95N,57.95W
s0000071,Cornwall,ON,45.03N,74.73W
s0000081,Coronach,SK,49.11N,105.52W
s0000111,Coronation,AB,52.09N,111.45W
s0000657,Courtenay,BC,49.69N,125.00W
s0000053,Cowansville,QC,45.20N,72.74W
s0000741,Cranbrook,BC,49.52N,115.76W
s0000212,Creston,BC,49.10N,116.51W
s0000310,Crowsnest,AB,49.63N,114.69W
s0000845,Cummins Lakes Park,BC,52.10N,118.05W
s0000360,Cypress Hills (Provincial Park),SK,49.57N,109.88W
s0000808,Dalhousie,NB,48.06N,66.37W
s0000115,Daniel's Harbour,NL,50.24N,57.59W
s0000508,Dauphin,MB,51.15N,100.05W
s0000275,Dawson,YT,64.06N,139.43W
s0000509,Dawson Creek,BC,55.76N,120.23W
s0000227,Dease Lake,BC,58.44N,130.00W
s0000732,Deep River,ON,46.10N,77.49W
s0000507,Deer Lake,NL,49.18N,57.42W
s0000256,Deerwood,MB,49.40N,98.39W
s0000423,Deline,NT,65.19N,123.42W
s0000769,Delson,QC,45.38N,73.54W
s0000831,Delta,MB,50.19N,98.32W
s0000031,Dempster (Highway),YT,66.16N,137.15W
s0000791,Detah,NT,62.41N,114.31W
s0000361,Deux-Montagnes,QC,45.54N,73.90W
s0000364,Digby,NS,44.62N,65.76W
s0000503,Doaktown,NB,46.55N,66.13W
s0000270,Dolbeau-Mistassini,QC,48.88N,72.23W
s0000009,Dome Creek,BC,53.75N,121.03W
s0000152,Dominion City,MB,49.14N,97.16W
s0000182,Donnacona,QC,46.67N,71.74W
s0000660,Dorion,ON,48.79N,88.54W
s0000468,Drayton Valley,AB,53.22N,114.97W
s0000129,Drumheller,AB,51.46N,112.72W
s0000261,Drummondville,QC,45.88N,72.48W
s0000546,Dryden,ON,49.78N,92.83W
s0000863,Duncan,BC,48.78N,123.70W
s0000452,Dunchurch,ON,45.65N,79.85W
s0000237,Dundalk,ON,44.17N,80.39W
s0000428,Ear Falls,ON,50.64N,93.24W
s0000752,Earlton,ON,47.71N,79.82W
s0000138,East Point,PE,46.46N,62.07W
s0000134,Eastend,SK,49.52N,108.82W
s0000814,Economy,NS,45.38N,63.92W
s0000045,Edmonton,AB,53.54N,113.49W
s0000510,Edmonton (Int'l Aprt),AB,53.27N,113.55W
s0000043,Edmundston,NB,47.36N,68.34W
s0000518,Edson,AB,53.59N,116.44W
s0000618,Ekati (Lac de Gras),NT,64.50N,110.50W
s0000274,Elbow,SK,51.12N,106.60W
s0000156,Elk Island (National Park),AB,53.61N,112.87W
s0000512,Elliot Lake,ON,46.38N,82.66W
s0000153,Emerson,MB,49.01N,97.21W
s0000112,Englee,NL,50.73N,56.10W
s0000206,Ennadai,NU,61.13N,100.88W
s0000560,Enterprise,NT,60.56N,116.15W
s0000028,Escoumins,QC,48.35N,69.41W
s0000861,Eskasoni,NS,45.94N,60.63W
s0000286,Esquimalt,BC,48.43N,123.41W
s0000516,Estevan,SK,49.13N,102.98W
s0000132,Estevan Point,BC,49.38N,126.53W
s0000176,Esther,AB,51.68N,110.26W
s0000140,Eureka,NU,79.99N,85.89W
s0000063,Farnham,QC,45.28N,72.98W
s0000349,Faro,YT,62.23N,133.35W
s0000738,Fermont,QC,52.80N,67.09W
s0000339,Fisher Branch,MB,51.08N,97.62W
s0000015,Flin Flon,MB,54.77N,101.86W
s0000484,Forestville,QC,48.74N,69.08W
s0000536,Forillon,QC,48.83N,64.57W
s0000537,Forillon (National Park),QC,48.90N,64.35W
s0000597,Fort Albany,ON,52.21N,81.68W
s0000636,Fort Chipewyan,AB,58.71N,111.16W
s0000282,Fort Erie,ON,42.91N,78.92W
s0000104,Fort Frances,ON,48.61N,93.39W
s0000818,Fort Good Hope,NT,66.26N,128.64W
s0000210,Fort Liard,NT,60.23N,123.47W
s0000595,Fort McMurray,AB,56.70N,111.36W
s0000816,Fort McPherson,NT,67.44N,134.86W
s0000771,Fort Nelson,BC,58.81N,122.70W
s0000188,Fort Providence,NT,61.35N,117.65W
s0000087,Fort Qu'Appelle,SK,50.77N,103.79W
s0000524,Fort Resolution,NT,61.17N,113.67W
s0000517,Fort Severn,ON,55.99N,87.63W
s0000525,Fort Simpson,NT,61.86N,121.35W
s0000690,Fort Smith,NT,60.01N,111.88W
s0000746,Fort St. John,BC,56.25N,120.84W
s0000020,Fourchu Head,NS,45.72N,60.26W
s0000250,Fredericton,NB,45.96N,66.65W
s0000688,Fundy (National Park),NB,45.62N,65.03W
s0000388,Gameti,NT,64.11N,117.36W
s0000169,Gananoque,ON,44.33N,76.16W
s0000667,Gander,NL,48.96N,54.61W
s0000167,Garden Creek,AB,58.70N,113.89W
s0000535,Gaspé,QC,48.83N,64.57W
s0000321,Gaspésie (Parc national),QC,48.93N,66.28W
s0000611,Gatineau,QC,45.49N,75.66W
s0000316,Gibsons,BC,49.40N,123.51W
s0000543,Gillam,MB,56.35N,94.73W
s0000534,Gimli,MB,50.63N,96.99W
s0000820,Gjoa Haven,NU,68.63N,95.87W
s0000165,Goderich,ON,43.74N,81.70W
s0000566,Gods Lake,MB,54.67N,94.15W
s0000025,Gogama,ON,47.67N,81.73W
s0000527,Golden,BC,51.29N,116.96W
s0000234,Gonzales Point,BC,48.41N,123.29W
s0000647,Good Hope Lake,BC,59.29N,129.29W
s0000790,Gore Bay,ON,45.92N,82.46W
s0000288,Gouin (Réservoir),QC,48.46N,73.68W
s0000052,Granby,QC,45.40N,72.72W
s0000475,Grand Bank,NL,47.10N,55.76W
s0000191,Grand Beach,MB,50.55N,96.63W
s0000405,Grand Étang,NS,46.53N,61.06W
s0000201,Grand Falls,NB,47.04N,67.75W
s0000118,Grand Falls-Windsor,NL,48.94N,55.65W
s0000004,Grand Forks,BC,49.04N,118.44W
s0000622,Grand Manan,NB,44.70N,66.82W
s0000207,Grand Rapids,MB,53.18N,99.28W
s0000781,Grande Cache,AB,53.89N,119.12W
s0000661,Grande Prairie,AB,55.17N,118.80W
s0000319,Grande-Vallée,QC,49.25N,65.57W
s0000638,Gravenhurst,ON,44.92N,79.37W
s0000528,Greater Napanee,ON,44.25N,76.95W
s0000680,Greater Sudbury,ON,46.49N,81.00W
s0000418,Greenstone (Beardmore),ON,49.60N,87.96W
s0000538,Greenstone (Geraldton),ON,49.78N,86.53W
s0000539,Greenstone (Nakina),ON,50.23N,86.96W
s0000803,Greenwood,NS,44.97N,64.93W
s0000172,Gretna,MB,49.01N,97.56W
s0000177,Grise Fiord,NU,76.42N,82.89W
s0000457,Gros Morne,NL,49.69N,57.74W
s0000571,Guelph,ON,43.54N,80.24W
s0000155,Gulf Islands (Southern),BC,48.79N,123.05W
s0000395,Gull Bay,ON,49.80N,89.11W
s0000860,Gull Island Rapids (Trans-Labrador Hwy),NL,52.97N,61.45W
s0000464,Guysborough,NS,45.39N,61.50W
s0000183,Haines Junction,YT,60.75N,137.51W
s0000548,Haldimand County,ON,42.99N,79.85W
s0000303,Haliburton,ON,45.07N,78.09W
s0000318,Halifax,NS,44.65N,63.60W
s0000084,Halifax (Shearwater),NS,44.67N,63.56W
s0000789,Halton Hills,ON,43.63N,79.95W
s0000549,Hamilton,ON,43.26N,79.87W
s0000780,Happy Valley-Goose Bay,NL,53.30N,60.32W
s0000308,Hart Island,NS,45.34N,61.00W
s0000541,Havre St-Pierre,QC,50.25N,63.60W
s0000069,Hawkesbury,ON,45.61N,74.60W
s0000561,Hay River,NT,60.81N,115.78W
s0000266,Hearst,ON,49.64N,83.40W
s0000279,Hendrickson Creek,AB,53.74N,118.23W
s0000621,High Level,AB,58.52N,117.14W
s0000383,High River,AB,50.58N,113.87W
s0000066,Highvale,AB,53.56N,114.49W
s0000849,Highway 3 - Hope to Princeton via Allison Pass,BC,49.06N,120.75W
s0000850,Highway 3 - Paulson Summit to Kootenay Pass,BC,49.19N,117.43W
s0000851,Highway 97 - Clinton to 100 Mile House via Begbie Summit,BC,51.33N,121.39W
s0000852,Highway 97 - Pine Pass,BC,55.51N,122.55W
s0000217,Hinton,AB,53.40N,117.57W
s0000547,Hope,BC,49.38N,121.43W
s0000226,Hope Slide,BC,49.32N,121.28W
s0000181,Hopedale,NL,55.46N,60.21W
s0000655,Hopewell,NB,45.77N,64.68W
s0000267,Hornepayne,ON,49.22N,84.78W
s0000545,Hudson Bay,SK,52.86N,102.39W
s0000196,Humboldt,SK,52.20N,105.12W
s0000178,Hunters Point,MB,53.14N,101.09W
s0000099,Huntingdon,QC,45.09N,74.18W
s0000640,Huntsville,ON,45.33N,79.22W
s0000540,Igloolik,NU,69.38N,81.80W
s0000819,Ignace,ON,49.41N,91.66W
s0000174,Îles-de-la-Madeleine,QC,47.62N,61.52W
s0000086,Indian Head,SK,50.53N,103.67W
s0000389,Indin River,NT,64.11N,117.36W
s0000433,Ingonish,NS,46.69N,60.37W
s0000627,Inukjuak,QC,58.45N,78.11W
s0000519,Inuvik,NT,68.36N,133.72W
s0000008,Invermere,BC,50.50N,116.04W
s0000394,Iqaluit,NU,63.75N,68.52W
s0000565,Island Lake,MB,53.86N,94.66W
s0000563,Ivujivik,QC,62.42N,77.92W
s0000218,Jasper,AB,52.87N,118.09W
s0000721,Joliette,QC,46.02N,73.44W
s0000659,Kakabeka Falls,ON,48.40N,89.62W
s0000305,Kaladar,ON,44.65N,77.12W
s0000568,Kamloops,BC,50.68N,120.35W
s0000335,Kamouraska,QC,47.57N,69.87W
s0000664,Kamsack,SK,51.56N,101.90W
s0000263,Kananaskis (Nakiska Ridgetop),AB,51.04N,115.26W
s0000591,Kangiqsualujjuaq,QC,58.70N,65.96W
s0000574,Kangiqsujuaq,QC,61.60N,71.95W
s0000480,Kangirsuk,QC,60.02N,70.03W
s0000782,Kapuskasing,ON,49.45N,82.15W
s0000632,Kawartha Lakes (Fenelon Falls),ON,44.54N,78.74W
s0000631,Kawartha Lakes (Lindsay),ON,44.30N,78.56W
s0000223,Kejimkujik (National Park),NS,44.39N,65.29W
s0000592,Kelowna,BC,49.88N,119.48W
s0000436,Kemptville,ON,45.02N,75.64W
s0000651,Kenora,ON,49.73N,94.33W
s0000439,Kentville,NS,45.08N,64.50W
s0000576,Key Lake,SK,57.36N,106.83W
s0000088,Killarney,ON,45.97N,81.51W
s0000587,Kimmirut,NU,62.85N,69.87W
s0000166,Kincardine,ON,44.17N,81.63W
s0000581,Kindersley,SK,51.47N,109.16W
s0000531,Kingston,ON,44.24N,76.50W
s0000694,Kinngait,NU,64.23N,76.54W
s0000437,Kirkland Lake,ON,48.15N,80.03W
s0000573,Kitchener-Waterloo,ON,43.59N,80.48W
s0000756,Kitimat,BC,54.05N,128.65W
s0000505,Kluane Lake,YT,61.25N,138.81W
s0000391,Kootenay (National Park),BC,51.39N,116.49W
s0000038,Kouchibouguac,NB,46.86N,64.98W
s0000065,Kugaaruk,NU,68.53N,89.82W
s0000498,Kugluktuk,NU,67.83N,115.10W
s0000719,Kuujjuaq,QC,58.11N,68.40W
s0000542,Kuujjuarapik,QC,55.30N,77.74W
s0000857,L'Anse-au-Loup,NL,51.60N,56.71W
s0000142,L'Assomption,QC,45.81N,73.43W
s0000336,L'Islet,QC,47.10N,70.35W
s0000532,La Grande Rivière,QC,53.80N,77.61W
s0000478,La Grande-Quatre,QC,53.86N,73.49W
s0000722,La Loche,SK,56.49N,109.43W
s0000333,La Malbaie,QC,47.65N,70.15W
s0000048,La Prairie,QC,45.41N,73.57W
s0000715,La Ronge,SK,55.11N,105.28W
s0000354,La Sarre,QC,48.81N,79.20W
s0000079,La Scie,NL,49.96N,55.59W
s0000124,La Tuque,QC,47.44N,72.78W
s0000245,La Vérendrye (Réserve faunique),QC,47.33N,77.00W
s0000737,Labrador City,NL,52.94N,66.91W
s0000229,Lac La Biche,AB,54.77N,111.98W
s0000575,Lac Raglan,QC,61.30N,73.67W
s0000186,Lac-Mégantic,QC,45.57N,70.88W
s0000674,Lac-Saint-Jean,QC,48.63N,72.32W
s0000602,Lachute,QC,45.66N,74.34W
s0000297,Lacombe,AB,52.46N,113.73W
s0000763,Lake Superior (Provincial Park),ON,47.60N,84.74W
s0000744,Lambton Shores,ON,43.18N,81.90W
s0000459,Lanaudière,QC,46.44N,73.17W
s0000866,Langley,BC,49.10N,122.66W
s0000233,Lansdowne House,ON,52.21N,87.89W
s0000381,Last Mountain Lake (Sanctuary),SK,51.51N,105.01W
s0000284,Laurentides (Réserve faunique),QC,47.75N,71.25W
s0000712,Laval,QC,45.60N,73.67W
s0000149,Le Gardeur,QC,45.70N,73.58W
s0000219,Leader,SK,50.89N,109.54W
s0000776,Leaf Rapids,MB,56.46N,100.01W
s0000431,Leamington,ON,42.05N,82.60W
s0000652,Lethbridge,AB,49.69N,112.84W
s0000416,Lévis,QC,46.76N,71.24W
s0000669,Lewisporte,NL,49.25N,55.07W
s0000377,Liard River,BC,59.42N,126.08W
s0000222,Lillooet,BC,50.69N,121.93W
s0000470,Lincoln,ON,43.17N,79.48W
s0000010,Little Grand Rapids,MB,52.04N,95.46W
s0000371,Liverpool,NS,44.04N,64.72W
s0000590,Lloydminster,AB,53.28N,110.03W
s0000835,Lloydminster,SK,53.28N,109.98W
s0000326,London,ON,42.98N,81.25W
s0000551,Longueuil,QC,45.51N,73.43W
s0000605,Lorraine,QC,45.67N,73.79W
s0000348,Louiseville,QC,46.26N,72.94W
s0000230,Lucky Lake,SK,50.98N,107.13W
s0000440,Lunenburg,NS,44.38N,64.32W
s0000443,Lutselke,NT,62.41N,110.73W
s0000777,Lynn Lake,MB,56.85N,101.05W
s0000242,Lytton,BC,50.23N,121.58W
s0000805,Mackenzie,BC,55.34N,123.10W
s0000345,Magog,QC,45.26N,72.15W
s0000526,Makkovik,NL,55.09N,59.17W
s0000224,Malahat,BC,48.55N,123.57W
s0000868,Malahat Highway - Goldstream to Mill Bay,BC,48.56N,123.57W
s0000447,Malay Falls,NS,44.99N,62.48W
s0000123,Manicouagan,QC,50.64N,68.73W
s0000244,Maniwaki,QC,46.37N,75.98W
s0000248,Maple Creek,SK,49.90N,109.49W
s0000026,Maple Plains,PE,46.32N,63.65W
s0000022,Marathon,ON,48.76N,86.58W
s0000220,Marble Mountain,NL,48.93N,57.89W
s0000060,Marieville,QC,45.43N,73.16W
s0000585,Markham,ON,43.88N,79.26W
s0000594,Mary's Harbour,NL,52.30N,55.83W
s0000474,Marystown,NL,47.17N,55.16W
s0000145,Mascouche,QC,45.75N,73.60W
s0000007,Masset,BC,54.02N,132.15W
s0000617,Matagami,QC,49.76N,77.62W
s0000784,Matane,QC,48.84N,67.53W
s0000407,Matapedia,QC,47.98N,66.96W
s0000125,Mauricie,QC,47.08N,72.91W
s0000593,Mayo,YT,63.59N,135.90W
s0000005,McBride,BC,53.30N,120.17W
s0000276,McCreary,MB,50.77N,99.49W
s0000589,Meadow Lake,SK,54.13N,108.43W
s0000745,Medicine Hat,AB,50.04N,110.68W
s0000158,Melfort,SK,52.86N,104.61W
s0000136,Melita,MB,49.27N,100.99W
s0000665,Melville,SK,50.93N,102.80W
s0000006,Merritt,BC,50.11N,120.79W
s0000281,Midland,ON,44.75N,79.88W
s0000523,Mildred Lake,AB,57.19N,111.64W
s0000313,Milk River,AB,49.16N,112.08W
s0000105,Mine Centre,ON,48.77N,92.62W
s0000094,Mingan,QC,50.29N,64.04W
s0000490,Minnedosa,MB,50.25N,99.84W
s0000600,Mirabel,QC,45.65N,74.08W
s0000036,Miramichi,NB,47.00N,65.47W
s0000243,Miscou Island,NB,47.90N,64.58W
s0000786,Mississauga,ON,43.59N,79.66W
s0000654,Moncton,NB,46.09N,64.79W
s0000783,Mont-Joli,QC,48.59N,68.19W
s0000246,Mont-Laurier,QC,46.55N,75.50W
s0000555,Mont-Saint-Hilaire,QC,45.55N,73.32W
s0000213,Mont-Tremblant,QC,46.12N,74.60W
s0000334,Montmagny,QC,46.98N,70.56W
s0000635,Montréal,QC,45.51N,73.55W
s0000762,Montreal River Harbour,ON,47.24N,84.64W
s0000822,Moose Jaw,SK,50.40N,105.53W
s0000733,Moosomin,SK,50.14N,101.67W
s0000596,Moosonee,ON,51.28N,80.65W
s0000444,Morden,MB,49.19N,98.10W
s0000150,Morris,MB,49.36N,97.36W
s0000072,Morrisburg,ON,44.90N,75.18W
s0000198,Mount Carleton (Provincial Park),NB,47.38N,66.83W
s0000240,Mount Forest,ON,43.98N,80.74W
s0000376,Muncho Lake,BC,58.93N,125.77W
s0000027,Murdochville,QC,48.96N,65.50W
s0000016,Musgrave Harbour,NL,49.45N,53.95W
s0000642,Muskoka,ON,44.91N,79.37W
s0000476,Nahanni Butte,NT,61.03N,123.38W
s0000162,Nain,NL,56.54N,61.70W
s0000259,Nakusp,BC,50.24N,117.80W
s0000496,Nanaimo,BC,49.17N,123.94W
s0000693,Nanisivik,NU,73.03N,84.54W
s0000610,Natashquan,QC,50.19N,61.82W
s0000713,Naujaat,NU,66.52N,86.24W
s0000258,Nelson,BC,49.50N,117.28W
s0000268,New Carlisle,QC,48.01N,65.33W
s0000089,New Glasgow,NS,45.59N,62.64W
s0000429,New Tecumseth,ON,44.08N,79.77W
s0000017,New-Wes-Valley,NL,49.15N,53.63W
s0000582,Newmarket,ON,44.06N,79.46W
s0000692,Niagara Falls,ON,43.11N,79.07W
s0000260,Nicolet,QC,46.23N,72.62W
s0000095,Nipawin,SK,53.36N,104.01W
s0000419,Nipigon,ON,49.01N,88.27W
s0000448,Nordegg,AB,52.47N,116.08W
s0000426,Norfolk,ON,42.94N,80.44W
s0000720,Norman Wells,NT,65.28N,126.83W
s0000666,North Battleford,SK,52.78N,108.29W
s0000765,North Bay,ON,46.32N,79.47W
s0000252,North Cape,PE,46.87N,64.07W
s0000264,North East Margaree,NS,46.33N,61.00W
s0000021,North Mountain (Cape Breton),NS,46.83N,60.80W
s0000238,North Perth,ON,43.73N,80.95W
s0000616,Norway House,MB,53.98N,97.83W
s0000273,Oak Point,MB,50.51N,98.03W
s0000367,Oakville,ON,43.46N,79.69W
s0000231,Ogoki,ON,51.63N,85.94W
s0000853,Okanagan Connector - Merritt to Kelowna,BC,49.90N,120.14W
s0000767,Okotoks,AB,50.73N,113.98W
s0000823,Old Crow,YT,67.57N,139.83W
s0000272,Onefour,AB,49.12N,110.47W
s0000815,Orangeville,ON,43.92N,80.11W
s0000414,Orillia,ON,44.61N,79.42W
s0000521,Oromocto,NB,45.85N,66.49W
s0000707,Oshawa,ON,43.90N,78.86W
s0000397,Osoyoos,BC,49.03N,119.46W
s0000430,Ottawa (Kanata - Orléans),ON,45.40N,75.69W
s0000623,Ottawa (Richmond - Metcalfe),ON,45.24N,75.47W
s0000556,Otterburn Park,QC,45.54N,73.19W
s0000387,Outlook,SK,51.49N,107.06W
s0000728,Owen Sound,ON,44.57N,80.93W
s0000514,Oxbow,SK,49.23N,102.17W
s0000011,Oxford House,MB,54.95N,95.25W
s0000075,Oxtongue Lake,ON,45.38N,78.93W
s0000750,Pangnirtung,NU,66.14N,65.71W
s0000612,Papineau,QC,45.70N,74.98W
s0000287,Parent,QC,47.92N,74.62W
s0000040,Parrsboro,NS,45.41N,64.33W
s0000451,Parry Sound,ON,45.35N,80.03W
s0000759,Paulatuk,NT,69.35N,124.07W
s0000625,Peace River,AB,56.15N,117.72W
s0000374,Peawanuck,ON,54.99N,85.43W
s0000067,Pelican Narrows,SK,55.17N,102.94W
s0000173,Pemberton,BC,50.32N,122.80W
s0000730,Pembroke,ON,45.82N,77.11W
s0000772,Penticton,BC,49.48N,119.58W
s0000314,Percé,QC,48.50N,64.16W
s0000729,Petawawa,ON,45.89N,77.27W
s0000629,Peterborough,ON,44.30N,78.33W
s0000710,Pickering,ON,43.83N,79.11W
s0000628,Pickle Lake,ON,51.47N,90.19W
s0000677,Pikangikum,ON,51.81N,93.99W
s0000289,Pilot Mound,MB,49.20N,98.89W
s0000130,Pinawa,MB,50.15N,95.88W
s0000824,Pincher Creek,AB,49.49N,113.95W
s0000363,Pincourt,QC,45.42N,74.04W
s0000189,Pine Falls,MB,50.57N,96.56W
s0000247,Pitt Meadows,BC,49.22N,122.69W
s0000082,Placentia,NL,47.24N,53.96W
s0000037,Point Escuminac,NB,47.07N,65.10W
s0000285,Point Lepreau,NB,45.10N,66.47W
s0000810,Pointe-à-la-Croix,QC,48.10N,66.12W
s0000564,Pond Inlet,NU,72.70N,77.96W
s0000613,Pontiac,QC,45.91N,77.07W
s0000378,Poplar River,MB,52.99N,97.28W
s0000294,Port Alberni,BC,49.24N,124.80W
s0000114,Port au Choix,NL,50.71N,57.36W
s0000639,Port Carling,ON,45.11N,79.58W
s0000283,Port Colborne,ON,42.90N,79.25W
s0000725,Port Elgin,ON,44.44N,81.39W
s0000799,Port Hardy,BC,50.72N,127.51W
s0000460,Port Hawkesbury,NS,45.62N,61.36W
s0000630,Port Perry,ON,44.10N,78.95W
s0000801,Port-Cartier,QC,50.02N,66.88W
s0000097,Port-Menier,QC,49.82N,64.35W
s0000626,Portage la Prairie,MB,49.97N,98.29W
s0000634,Powell River,BC,49.87N,124.55W
s0000055,Prévost,QC,46.01N,73.92W
s0000624,Prince Albert,SK,53.20N,105.76W
s0000702,Prince Edward (Picton),ON,44.02N,77.26W
s0000146,Prince George,BC,53.91N,122.78W
s0000633,Prince Rupert,BC,54.32N,130.32W
s0000291,Princeton,BC,49.45N,120.51W
s0000161,Pukatawagan,MB,55.74N,101.30W
s0000292,Puntzi Mountain,BC,52.71N,124.98W
s0000711,Puvirnituq,QC,60.04N,77.27W
s0000716,Qikiqtarjuaq,NU,67.56N,64.02W
s0000864,Qualicum Beach,BC,49.35N,124.44W
s0000544,Quaqtaq,QC,61.05N,69.63W
s0000620,Québec,QC,46.81N,71.21W
s0000671,Quesnel,BC,52.98N,122.50W
s0000704,Quinte West,ON,44.20N,77.58W
s0000685,Quispamsis,NB,45.45N,65.94W
s0000643,Rainbow Lake,AB,58.50N,119.40W
s0000030,Rancheria,YT,60.09N,130.60W
s0000678,Rankin Inlet,NU,62.82N,92.08W
s0000645,Red Deer,AB,52.27N,113.81W
s0000299,Red Earth Creek,AB,56.54N,115.30W
s0000676,Red Lake,ON,51.02N,93.83W
s0000788,Regina,SK,50.45N,104.62W
s0000731,Renfrew,ON,45.47N,76.68W
s0000755,Repentigny,QC,45.74N,73.45W
s0000672,Resolute,NU,74.70N,94.83W
s0000679,Revelstoke,BC,51.00N,118.20W
s0000552,Richelieu,QC,45.44N,73.25W
s0000734,Richer,MB,49.66N,96.46W
s0000034,Richibucto,NB,46.68N,64.87W
s0000862,Richmond,BC,49.15N,123.16W
s0000773,Richmond Hill,ON,43.87N,79.43W
s0000061,Rigaud,QC,45.48N,74.30W
s0000858,Rigolet,NL,54.18N,58.42W
s0000393,Rimouski,QC,48.45N,68.53W
s0000253,Rivière-du-Loup,QC,47.84N,69.54W
s0000673,Roberval,QC,48.52N,72.22W
s0000380,Roblin,MB,51.54N,101.35W
s0000396,Rock Creek,BC,49.06N,119.00W
s0000309,Rock River,YT,66.37N,136.72W
s0000225,Rockglen,SK,49.18N,105.95W
s0000456,Rocky Harbour,NL,49.59N,57.92W
s0000306,Rocky Mountain House,AB,52.38N,114.92W
s0000455,Rodney,ON,42.57N,81.68W
s0000035,Rogersville,NB,46.91N,65.20W
s0000080,Rondeau (Provincial Park),ON,42.30N,81.89W
s0000606,Rosemère,QC,45.58N,73.93W
s0000300,Rosetown,SK,51.56N,107.98W
s0000350,Ross River,YT,61.98N,132.45W
s0000743,Rosthern,SK,52.67N,106.33W
s0000353,Rouyn-Noranda,QC,48.24N,79.02W
s0000696,Sachigo Lake,ON,53.87N,92.17W
s0000338,Sachs Harbour,NT,71.99N,125.25W
s0000449,Sackville,NB,45.90N,64.36W
s0000211,Saguenay,QC,48.43N,71.06W
s0000331,Saint Andrews,NB,45.08N,67.05W
s0000687,Saint John,NB,45.28N,66.08W
s0000557,Saint-Amable,QC,45.65N,73.30W
s0000558,Saint-Basile Le Grand,QC,45.55N,73.32W
s0000049,Saint-Constant,QC,45.37N,73.57W
s0000609,Saint-Eustache,QC,45.56N,73.89W
s0000675,Saint-Félicien,QC,48.63N,72.32W
s0000187,Saint-Georges,QC,46.13N,70.36W
s0000059,Saint-Hyacinthe,QC,45.63N,72.95W
s0000202,Saint-Jean-sur-Richelieu,QC,45.31N,73.25W
s0000601,Saint-Jérôme,QC,45.82N,73.96W
s0000062,Saint-Lazare,QC,45.40N,74.14W
s0000057,Saint-Lin-Laurentides,QC,46.00N,73.73W
s0000203,Saint-Luc,QC,45.34N,73.51W
s0000029,Saint-Michel-des-Saints,QC,46.68N,73.92W
s0000262,Saint-Nicéphore,QC,45.92N,72.74W
s0000199,Saint-Quentin,NB,47.51N,67.39W
s0000051,Saint-Rémi,QC,45.25N,73.80W
s0000058,Saint-Sauveur,QC,46.01N,73.92W
s0000742,Saint-Timothée,QC,45.18N,74.24W
s0000214,Sainte-Agathe,QC,45.88N,74.57W
s0000322,Sainte-Anne-Des-Monts,QC,49.13N,66.49W
s0000607,Sainte-Anne-Des-Plaines,QC,45.76N,73.82W
s0000050,Sainte-Catherine,QC,45.41N,73.57W
s0000559,Sainte-Julie,QC,45.59N,73.33W
s0000056,Sainte-Sophie,QC,45.82N,73.96W
s0000608,Sainte-Thérèse,QC,45.58N,73.93W
s0000098,Salaberry-de-Valleyfield,QC,45.26N,74.13W
s0000793,Salluit,QC,62.21N,75.65W
s0000324,Salmon Arm,BC,50.70N,119.27W
s0000340,Sambaa K'e,NT,60.44N,121.24W
s0000795,Sandspit,BC,53.25N,131.81W
s0000826,Sandy Lake,ON,53.06N,93.33W
s0000689,Sanikiluaq,NU,56.54N,79.22W
s0000714,Sanirajak,NU,68.79N,81.24W
s0000796,Sarnia,ON,42.99N,82.38W
s0000797,Saskatoon,SK,52.13N,106.66W
s0000726,Saugeen Shores,ON,44.41N,81.47W
s0000479,Sault Ste. Marie,ON,46.52N,84.33W
s0000747,Savant Lake,ON,50.24N,90.71W
s0000577,Schefferville,QC,54.80N,66.82W
s0000344,Scott,SK,52.37N,108.83W
s0000854,Sea to Sky - Squamish to Whistler,BC,49.96N,123.15W
s0000317,Sechelt,BC,49.47N,123.76W
s0000800,Sept-Îles,QC,50.21N,66.39W
s0000013,Shamattawa,MB,55.87N,92.10W
s0000435,Sharbot Lake,ON,44.78N,76.69W
s0000133,Shaunavon,SK,49.65N,108.42W
s0000709,Shawinigan,QC,46.54N,72.75W
s0000653,Shediac,NB,46.22N,64.54W
s0000446,Sheet Harbour,NS,44.92N,62.53W
s0000239,Shelburne,ON,44.16N,80.21W
s0000109,Shelburne,NS,43.76N,65.32W
s0000681,Sherbrooke,QC,45.40N,71.89W
s0000402,Shilo,MB,50.23N,99.47W
s0000352,Shoal Lake,MB,50.44N,100.59W
s0000424,Simcoe,ON,42.94N,80.44W
s0000748,Sioux Lookout,ON,50.10N,91.92W
s0000650,Sioux Narrows,ON,49.41N,94.10W
s0000794,Slave Lake,AB,55.28N,114.77W
s0000770,Smithers,BC,54.78N,127.17W
s0000434,Smiths Falls,ON,44.90N,76.02W
s0000160,Snow Lake,MB,54.88N,100.02W
s0000147,Sorel-Tracy,QC,46.04N,73.11W
s0000491,Souris,MB,49.62N,100.26W
s0000727,South Bruce Peninsula,ON,44.73N,81.27W
s0000208,Southend Reindeer,SK,56.33N,103.24W
s0000175,Sparwood,BC,49.73N,114.89W
s0000330,Spiritwood,SK,53.37N,107.52W
s0000337,Sprague,MB,49.04N,95.64W
s0000323,Squamish,BC,49.70N,123.15W
s0000019,St. Alban's,NL,47.88N,55.84W
s0000128,St. Anthony,NL,51.37N,55.59W
s0000691,St. Catharines,ON,43.16N,79.25W
s0000280,St. John's,NL,47.56N,52.72W
s0000039,St. Lawrence,NL,46.93N,55.41W
s0000200,St. Leonard,NB,47.16N,67.92W
s0000307,St. Peter's,NS,45.66N,60.88W
s0000827,St. Peters Bay,PE,46.41N,62.58W
s0000332,St. Stephen,NB,45.20N,67.28W
s0000329,St. Thomas,ON,42.78N,81.19W
s0000384,Stavely,AB,50.16N,113.64W
s0000151,Steinbach,MB,49.53N,96.68W
s0000567,Stephenville,NL,48.55N,58.58W
s0000829,Stettler,AB,52.32N,112.70W
s0000828,Stewart,BC,55.94N,129.98W
s0000700,Stirling,ON,44.30N,77.55W
s0000453,Stony Plain,AB,53.53N,114.01W
s0000684,Stony Rapids,SK,59.26N,105.84W
s0000325,Stratford,ON,43.37N,80.98W
s0000068,Strathmore,AB,51.05N,113.39W
s0000328,Strathroy,ON,42.96N,81.62W
s0000843,Sudbury (Greater),ON,46.57N,81.19W
s0000683,Suffield,AB,50.22N,111.16W
s0000351,Summerland,BC,49.61N,119.67W
s0000562,Summerside,PE,46.39N,63.79W
s0000083,Sundre,AB,51.80N,114.64W
s0000686,Sussex,NB,45.72N,65.52W
s0000163,Sutton,QC,45.11N,72.62W
s0000139,Swan River,MB,52.11N,101.26W
s0000355,Swift Current,SK,50.28N,107.79W
s0000529,Sydenham,ON,44.48N,76.70W
s0000670,Sydney,NS,46.13N,60.18W
s0000359,Taber,AB,49.78N,112.15W
s0000417,Tadoule Lake,MB,58.72N,98.48W
s0000295,Tadoussac,QC,48.15N,69.72W
s0000774,Taloyoak,NU,69.54N,93.53W
s0000699,Tasiujaq,QC,58.69N,69.94W
s0000812,Tatamagouche,NS,45.71N,63.29W
s0000465,Tatlayoko Lake,BC,51.72N,124.43W
s0000085,Témiscamingue,QC,47.39N,78.70W
s0000255,Temiscouata,QC,47.67N,68.98W
s0000753,Temiskaming Shores,ON,47.49N,79.72W
s0000467,Terra Nova (National Park),NL,48.53N,53.93W
s0000757,Terrace,BC,54.52N,128.60W
s0000023,Terrace Bay,ON,48.78N,87.10W
s0000290,Terrebonne,QC,45.70N,73.63W
s0000410,Teslin,YT,60.17N,132.72W
s0000341,Tetsa River (Provincial Park),BC,58.66N,124.64W
s0000644,The Pas,MB,53.82N,101.25W
s0000064,Thetford Mines,QC,46.09N,71.30W
s0000695,Thompson,MB,55.74N,97.86W
s0000179,Three Hills,AB,51.70N,113.27W
s0000411,Thunder Bay,ON,48.41N,89.24W
s0000425,Tillsonburg,ON,42.87N,80.73W
s0000705,Timmins,ON,48.48N,81.21W
s0000157,Tisdale,SK,52.85N,104.05W
s0000422,Tobermory,ON,45.25N,81.67W
s0000481,Tofino,BC,49.15N,125.91W
s0000458,Toronto,ON,43.65N,79.38W
s0000785,Toronto Island,ON,43.63N,79.39W
s0000461,Tracadie,NS,45.62N,61.67W
s0000385,Tracadie-Sheila,NB,47.74N,64.64W
s0000148,Tracy,QC,46.03N,73.14W
s0000471,Trail,BC,49.10N,117.70W
s0000856,Trans-Canada Highway - Eagle Pass to Rogers Pass,BC,51.15N,117.84W
s0000701,Trenton,ON,44.11N,77.58W
s0000254,Trois-Pistoles,QC,48.13N,69.18W
s0000346,Trois-Rivières,QC,46.34N,72.54W
s0000813,Truro,NS,45.36N,63.28W
s0000830,Tuktoyaktuk,NT,69.44N,133.03W
s0000817,Tulita,NT,64.90N,125.57W
s0000137,Turtle Mountain (Provincial Park),MB,49.05N,100.25W
s0000122,Twillingate,NL,49.64N,54.76W
s0000482,Ucluelet,BC,48.94N,125.54W
s0000432,Ulukhaktok,NT,70.73N,117.78W
s0000599,Umiujaq,QC,56.55N,76.55W
s0000127,Upsala,ON,49.05N,90.47W
s0000113,Uranium City,SK,59.57N,108.61W
s0000357,Val Marie,SK,49.25N,107.73W
s0000717,Val-d'Or,QC,48.10N,77.79W
s0000614,Val-des-Monts,QC,45.67N,75.73W
s0000003,Valemount,BC,53.30N,120.17W
s0000408,Vallée de la Matapédia,QC,47.98N,66.96W
s0000141,Vancouver,BC,49.24N,123.12W
s0000754,Vanderhoof,BC,54.02N,124.00W
s0000204,Vanier,QC,46.82N,71.27W
s0000180,Varennes,QC,45.68N,73.43W
s0000362,Vaudreuil-Dorion,QC,45.40N,74.04W
s0000584,Vaughan,ON,43.85N,79.54W
s0000358,Vauxhall,AB,50.07N,112.11W
s0000356,Vegreville,AB,53.50N,112.05W
s0000216,Vernon,BC,50.26N,119.27W
s0000775,Victoria,BC,48.43N,123.36W
s0000792,Victoria (Hartland),BC,48.57N,123.46W
s0000390,Victoria (University of),BC,48.47N,123.30W
s0000190,Victoria Beach,MB,50.71N,96.56W
s0000735,Victoria Harbour,BC,48.42N,123.39W
s0000054,Victoriaville,QC,46.06N,71.96W
s0000469,Vineland,ON,43.15N,79.39W
s0000135,Virden,MB,49.85N,100.93W
s0000154,Vita,MB,49.13N,96.56W
s0000736,Wabush Lake,NL,52.88N,67.02W
s0000833,Wainwright,AB,52.84N,110.85W
s0000236,Walkerton,ON,44.13N,81.15W
s0000375,Wasagaming,MB,50.66N,99.97W
s0000579,Waskaganish,QC,51.47N,78.76W
s0000241,Waskesiu Lake,SK,53.92N,106.08W
s0000170,Waterton Park,AB,49.05N,113.91W
s0000195,Watrous,SK,51.68N,105.46W
s0000648,Watson Lake,YT,60.06N,128.71W
s0000761,Wawa,ON,47.99N,84.77W
s0000232,Webequie,ON,52.97N,87.37W
s0000442,Wekweeti,NT,64.19N,114.18W
s0000076,Welland,ON,42.99N,79.25W
s0000766,West Nipissing,ON,46.41N,80.13W
s0000865,West Vancouver,BC,49.33N,123.16W
s0000370,Western Head,NS,44.16N,64.66W
s0000427,Westlock,AB,54.16N,113.86W
s0000530,Westport,ON,44.68N,76.40W
s0000312,Wetaskiwin,AB,52.97N,113.38W
s0000372,Weyburn,SK,49.67N,103.85W
s0000749,Whale Cove,NU,62.17N,92.58W
s0000249,Whati,NT,62.83N,116.05W
s0000078,Whistler,BC,50.12N,122.96W
s0000708,Whitby,ON,43.90N,78.94W
s0000764,White River,ON,48.59N,85.28W
s0000373,White Rock,BC,49.03N,122.80W
s0000477,Whitecourt,AB,54.14N,115.68W
s0000825,Whitehorse,YT,60.72N,135.06W
s0000131,Whiteshell,MB,49.99N,95.52W
s0000724,Wiarton,ON,44.74N,81.14W
s0000739,Williams Lake,BC,52.14N,122.14W
s0000119,Willow Creek (Provincial Park),AB,50.02N,113.58W
s0000077,Winchester,ON,45.09N,75.35W
s0000646,Windsor,ON,42.29N,83.05W
s0000438,Windsor,NS,44.99N,64.14W
s0000235,Wingham,ON,43.89N,81.31W
s0000445,Winkler,MB,49.18N,97.94W
s0000193,Winnipeg,MB,49.89N,97.13W
s0000472,Winnipeg (The Forks),MB,49.89N,97.13W
s0000473,Winterland,NL,47.16N,55.30W
s0000327,Woodstock,ON,43.13N,80.75W
s0000522,Woodstock,NB,46.16N,67.58W
s0000042,Wreckhouse,NL,47.76N,59.27W
s0000740,Wrigley,NT,63.23N,123.46W
s0000698,Wunnummin Lake,ON,52.94N,89.30W
s0000278,Wynyard,SK,51.77N,104.18W
s0000649,Yarmouth,NS,43.84N,66.12W
s0000867,Yellowhead Highway - Tête Jaune Cache to the Alberta Border,BC,52.85N,118.58W
s0000366,Yellowknife,NT,62.45N,114.37W
s0000392,Yoho (National Park),BC,51.39N,116.49W
s0000014,York Factory,MB,57.00N,92.31W
s0000663,Yorkton,SK,51.21N,102.45W
